<?xml version="1.0" encoding="UTF-8"?><artifacts>
    <artifact name="Dolphins" groupId="com.example.api" version="1.0.0" type="synapse/api" serverRole="EnterpriseServiceBus">
        <file>src/main/synapse-config/api/Dolphins.xml</file>
    </artifact>
    <artifact name="Cats" groupId="com.example.api" version="1.0.0" type="synapse/api" serverRole="EnterpriseServiceBus">
        <file>src/main/synapse-config/api/Cats.xml</file>
    </artifact>
    <artifact name="Doggo" groupId="com.example.api" version="1.0.0" type="synapse/api" serverRole="EnterpriseServiceBus">
        <file>src/main/synapse-config/api/Doggo.xml</file>
    </artifact>
</artifacts>
