<?xml version="1.0" encoding="UTF-8"?>
<api context="/cats" name="Cats" xmlns="http://ws.apache.org/ns/synapse">
    <resource methods="DELETE POST PUT PATCH GET">
        <inSequence>
            <send>
                <endpoint>
                    <address uri="http://localhost:8000/cats">
                        <suspendOnFailure>
                            <initialDuration>-1</initialDuration>
                            <progressionFactor>1</progressionFactor>
                        </suspendOnFailure>
                        <markForSuspension>
                            <retriesBeforeSuspension>0</retriesBeforeSuspension>
                        </markForSuspension>
                    </address>
                </endpoint>
            </send>
        </inSequence>
        <outSequence>
            <property name="messageType" scope="axis2" type="STRING" value="application/xml"/>
            <send/>
        </outSequence>
        <faultSequence/>
    </resource>
</api>
